Kunden-ID,Region,Typ,,,Hilfszahl-Region,Hilfszahl-Typ,
1,Lateinamerika,Geschäftskunde,,,10,22,Geschäftskunde
2,Europa,Privatkunde,,,6,23,Privatkunde
3,Asien,Geschäftskunde,,,12,21,Geschäftskunde
4,Asien,Geschäftskunde,,,13,23,Privatkunde
5,Europa,Privatkunde,,,6,23,Privatkunde
6,Nordamerika,Geschäftskunde,,,7,23,Privatkunde
7,Asien,Geschäftskunde,,,13,23,Privatkunde
8,Lateinamerika,Geschäftskunde,,,10,21,Geschäftskunde
9,Lateinamerika,Geschäftskunde,,,10,21,Geschäftskunde
10,Asien,Geschäftskunde,,,12,22,Geschäftskunde
11,Europa,Geschäftskunde,,,6,22,Geschäftskunde
12,Europa,Privatkunde,,,4,23,Privatkunde
13,Europa,Geschäftskunde,,,2,21,Geschäftskunde
14,Nordamerika,Geschäftskunde,,,9,21,Geschäftskunde
15,Europa,Geschäftskunde,,,5,21,Geschäftskunde
16,Nordamerika,Geschäftskunde,,,7,22,Geschäftskunde
17,Nordamerika,Geschäftskunde,,,7,23,Privatkunde
18,Europa,Privatkunde,,,2,23,Privatkunde
19,Europa,Geschäftskunde,,,4,22,Geschäftskunde
20,Afrika,Geschäftskunde,,,11,21,Geschäftskunde
21,Europa,Geschäftskunde,,,6,22,Geschäftskunde
22,Nordamerika,Geschäftskunde,,,8,21,Geschäftskunde
23,Europa,Geschäftskunde,,,3,22,Geschäftskunde
24,Nordamerika,Geschäftskunde,,,7,22,Geschäftskunde
25,Europa,Geschäftskunde,,,4,21,Geschäftskunde
26,Asien,Geschäftskunde,,,12,23,Privatkunde
27,Lateinamerika,Geschäftskunde,,,10,23,Privatkunde
28,Nordamerika,Geschäftskunde,,,9,22,Geschäftskunde
29,Nordamerika,Geschäftskunde,,,9,22,Geschäftskunde
30,Europa,Privatkunde,,,5,23,Privatkunde
31,Europa,Geschäftskunde,,,6,21,Geschäftskunde
32,Nordamerika,Geschäftskunde,,,8,22,Geschäftskunde
33,Europa,Geschäftskunde,,,3,21,Geschäftskunde
34,Europa,Privatkunde,,,3,23,Privatkunde
35,Europa,Privatkunde,,,2,23,Privatkunde
36,Europa,Privatkunde,,,4,23,Privatkunde
37,Europa,Geschäftskunde,,,2,21,Geschäftskunde
38,Asien,Geschäftskunde,,,13,22,Geschäftskunde
39,Asien,Geschäftskunde,,,13,21,Geschäftskunde
40,Nordamerika,Geschäftskunde,,,7,21,Geschäftskunde
41,Lateinamerika,Geschäftskunde,,,10,22,Geschäftskunde
42,Nordamerika,Geschäftskunde,,,9,22,Geschäftskunde
43,Europa,Geschäftskunde,,,4,22,Geschäftskunde
44,Nordamerika,Geschäftskunde,,,8,23,Privatkunde
45,Europa,Privatkunde,,,5,23,Privatkunde
46,Europa,Geschäftskunde,,,4,21,Geschäftskunde
47,Lateinamerika,Geschäftskunde,,,10,23,Privatkunde
48,Nordamerika,Geschäftskunde,,,7,21,Geschäftskunde
49,Nordamerika,Geschäftskunde,,,7,21,Geschäftskunde
50,Nordamerika,Geschäftskunde,,,9,21,Geschäftskunde
51,Nordamerika,Geschäftskunde,,,9,21,Geschäftskunde
52,Europa,Privatkunde,,,1,23,Privatkunde
53,Lateinamerika,Geschäftskunde,,,10,23,Privatkunde
54,Asien,Geschäftskunde,,,13,23,Privatkunde
55,Europa,Geschäftskunde,,,1,22,Geschäftskunde
56,Europa,Geschäftskunde,,,1,21,Geschäftskunde
57,Europa,Geschäftskunde,,,5,21,Geschäftskunde
58,Nordamerika,Geschäftskunde,,,8,21,Geschäftskunde
59,Asien,Geschäftskunde,,,12,21,Geschäftskunde
60,Lateinamerika,Geschäftskunde,,,10,22,Geschäftskunde
61,Europa,Geschäftskunde,,,5,22,Geschäftskunde
62,Europa,Geschäftskunde,,,2,22,Geschäftskunde
63,Europa,Geschäftskunde,,,5,21,Geschäftskunde
64,Europa,Privatkunde,,,6,23,Privatkunde
65,Europa,Geschäftskunde,,,5,22,Geschäftskunde
66,Europa,Geschäftskunde,,,3,21,Geschäftskunde
67,Europa,Geschäftskunde,,,3,21,Geschäftskunde
68,Nordamerika,Geschäftskunde,,,8,23,Privatkunde
69,Asien,Geschäftskunde,,,13,23,Privatkunde
70,Nordamerika,Geschäftskunde,,,7,23,Privatkunde
71,Asien,Geschäftskunde,,,13,22,Geschäftskunde
72,Nordamerika,Geschäftskunde,,,9,23,Privatkunde
73,Europa,Geschäftskunde,,,6,21,Geschäftskunde
74,Asien,Geschäftskunde,,,12,22,Geschäftskunde
75,Europa,Privatkunde,,,5,23,Privatkunde
76,Europa,Geschäftskunde,,,4,22,Geschäftskunde
77,Asien,Geschäftskunde,,,13,22,Geschäftskunde
78,Europa,Privatkunde,,,3,23,Privatkunde
79,Lateinamerika,Geschäftskunde,,,10,21,Geschäftskunde
80,Lateinamerika,Geschäftskunde,,,10,21,Geschäftskunde
81,Europa,Privatkunde,,,6,23,Privatkunde
82,Afrika,Geschäftskunde,,,11,21,Geschäftskunde
83,Lateinamerika,Geschäftskunde,,,10,22,Geschäftskunde
84,Nordamerika,Geschäftskunde,,,9,22,Geschäftskunde
85,Europa,Geschäftskunde,,,2,21,Geschäftskunde
86,Nordamerika,Geschäftskunde,,,8,21,Geschäftskunde
87,Asien,Geschäftskunde,,,13,22,Geschäftskunde
88,Nordamerika,Geschäftskunde,,,8,23,Privatkunde
89,Asien,Geschäftskunde,,,13,21,Geschäftskunde
90,Afrika,Geschäftskunde,,,11,21,Geschäftskunde
91,Europa,Privatkunde,,,5,23,Privatkunde
92,Europa,Privatkunde,,,3,23,Privatkunde
93,Nordamerika,Geschäftskunde,,,9,21,Geschäftskunde
94,Nordamerika,Geschäftskunde,,,7,23,Privatkunde
95,Asien,Geschäftskunde,,,13,23,Privatkunde
96,Nordamerika,Geschäftskunde,,,8,22,Geschäftskunde
97,Nordamerika,Geschäftskunde,,,8,21,Geschäftskunde
98,Europa,Geschäftskunde,,,6,21,Geschäftskunde
99,Europa,Privatkunde,,,3,23,Privatkunde
100,Europa,Privatkunde,,,4,23,Privatkunde
101,Europa,Privatkunde,,,2,23,Privatkunde
102,Asien,Geschäftskunde,,,13,21,Geschäftskunde
103,Europa,Geschäftskunde,,,5,22,Geschäftskunde
104,Nordamerika,Geschäftskunde,,,8,21,Geschäftskunde
105,Nordamerika,Geschäftskunde,,,8,23,Privatkunde
106,Europa,Geschäftskunde,,,1,21,Geschäftskunde
107,Europa,Geschäftskunde,,,4,22,Geschäftskunde
108,Europa,Privatkunde,,,1,23,Privatkunde
109,Europa,Privatkunde,,,5,23,Privatkunde
110,Europa,Privatkunde,,,5,23,Privatkunde
111,Europa,Geschäftskunde,,,4,22,Geschäftskunde
112,Asien,Geschäftskunde,,,13,21,Geschäftskunde
113,Nordamerika,Geschäftskunde,,,9,23,Privatkunde
114,Europa,Geschäftskunde,,,5,22,Geschäftskunde
115,Europa,Geschäftskunde,,,4,22,Geschäftskunde
116,Asien,Geschäftskunde,,,12,21,Geschäftskunde
117,Nordamerika,Geschäftskunde,,,9,23,Privatkunde
118,Nordamerika,Geschäftskunde,,,9,21,Geschäftskunde
119,Lateinamerika,Geschäftskunde,,,10,21,Geschäftskunde
120,Lateinamerika,Geschäftskunde,,,10,23,Privatkunde
121,Asien,Geschäftskunde,,,12,21,Geschäftskunde
122,Europa,Geschäftskunde,,,5,22,Geschäftskunde
123,Lateinamerika,Geschäftskunde,,,10,21,Geschäftskunde
124,Europa,Privatkunde,,,5,23,Privatkunde
125,Europa,Geschäftskunde,,,3,21,Geschäftskunde
126,Lateinamerika,Geschäftskunde,,,10,23,Privatkunde
127,Afrika,Geschäftskunde,,,11,22,Geschäftskunde
128,Europa,Privatkunde,,,1,23,Privatkunde
129,Nordamerika,Geschäftskunde,,,9,21,Geschäftskunde
130,Europa,Geschäftskunde,,,4,21,Geschäftskunde
131,Europa,Privatkunde,,,1,23,Privatkunde
132,Europa,Geschäftskunde,,,3,22,Geschäftskunde
133,Europa,Geschäftskunde,,,5,21,Geschäftskunde
134,Europa,Geschäftskunde,,,2,22,Geschäftskunde
135,Europa,Geschäftskunde,,,3,21,Geschäftskunde
136,Europa,Privatkunde,,,3,23,Privatkunde
137,Nordamerika,Geschäftskunde,,,7,23,Privatkunde
138,Europa,Geschäftskunde,,,2,21,Geschäftskunde
139,Europa,Geschäftskunde,,,1,22,Geschäftskunde
140,Europa,Geschäftskunde,,,5,22,Geschäftskunde
141,Nordamerika,Geschäftskunde,,,8,22,Geschäftskunde
142,Europa,Geschäftskunde,,,1,21,Geschäftskunde
143,Europa,Geschäftskunde,,,5,22,Geschäftskunde
144,Europa,Geschäftskunde,,,4,22,Geschäftskunde
145,Asien,Geschäftskunde,,,13,23,Privatkunde
146,Europa,Geschäftskunde,,,6,22,Geschäftskunde
147,Europa,Geschäftskunde,,,1,21,Geschäftskunde
148,Europa,Geschäftskunde,,,1,21,Geschäftskunde
149,Nordamerika,Geschäftskunde,,,9,22,Geschäftskunde
150,Europa,Geschäftskunde,,,3,21,Geschäftskunde
151,Asien,Geschäftskunde,,,12,23,Privatkunde
152,Europa,Geschäftskunde,,,1,22,Geschäftskunde
153,Nordamerika,Geschäftskunde,,,7,21,Geschäftskunde
154,Afrika,Geschäftskunde,,,11,21,Geschäftskunde
155,Asien,Geschäftskunde,,,13,21,Geschäftskunde
156,Nordamerika,Geschäftskunde,,,7,21,Geschäftskunde
157,Nordamerika,Geschäftskunde,,,7,21,Geschäftskunde
158,Europa,Geschäftskunde,,,2,22,Geschäftskunde
159,Europa,Geschäftskunde,,,4,21,Geschäftskunde
160,Asien,Geschäftskunde,,,13,22,Geschäftskunde
161,Europa,Geschäftskunde,,,2,22,Geschäftskunde
162,Nordamerika,Geschäftskunde,,,7,21,Geschäftskunde
163,Asien,Geschäftskunde,,,13,23,Privatkunde
164,Nordamerika,Geschäftskunde,,,7,22,Geschäftskunde
165,Lateinamerika,Geschäftskunde,,,10,22,Geschäftskunde
166,Afrika,Geschäftskunde,,,11,23,Privatkunde
167,Nordamerika,Geschäftskunde,,,8,23,Privatkunde
168,Nordamerika,Geschäftskunde,,,9,22,Geschäftskunde
169,Nordamerika,Geschäftskunde,,,9,21,Geschäftskunde
170,Lateinamerika,Geschäftskunde,,,10,22,Geschäftskunde
171,Lateinamerika,Geschäftskunde,,,10,23,Privatkunde
172,Afrika,Geschäftskunde,,,11,21,Geschäftskunde
173,Nordamerika,Geschäftskunde,,,9,21,Geschäftskunde
174,Nordamerika,Geschäftskunde,,,8,21,Geschäftskunde
175,Asien,Geschäftskunde,,,12,22,Geschäftskunde
176,Asien,Geschäftskunde,,,13,23,Privatkunde
177,Nordamerika,Geschäftskunde,,,8,21,Geschäftskunde
178,Europa,Privatkunde,,,5,23,Privatkunde
179,Asien,Geschäftskunde,,,12,21,Geschäftskunde
180,Nordamerika,Geschäftskunde,,,9,21,Geschäftskunde
181,Europa,Geschäftskunde,,,3,22,Geschäftskunde
182,Lateinamerika,Geschäftskunde,,,10,22,Geschäftskunde
183,Europa,Geschäftskunde,,,5,22,Geschäftskunde
184,Lateinamerika,Geschäftskunde,,,10,23,Privatkunde
185,Nordamerika,Geschäftskunde,,,7,21,Geschäftskunde
186,Europa,Privatkunde,,,6,23,Privatkunde
187,Lateinamerika,Geschäftskunde,,,10,22,Geschäftskunde
188,Asien,Geschäftskunde,,,13,22,Geschäftskunde
189,Asien,Geschäftskunde,,,13,21,Geschäftskunde
190,Nordamerika,Geschäftskunde,,,9,21,Geschäftskunde
191,Asien,Geschäftskunde,,,13,23,Privatkunde
192,Europa,Privatkunde,,,1,23,Privatkunde
193,Lateinamerika,Geschäftskunde,,,10,22,Geschäftskunde
194,Europa,Privatkunde,,,5,23,Privatkunde
195,Europa,Geschäftskunde,,,4,21,Geschäftskunde
196,Asien,Geschäftskunde,,,13,23,Privatkunde
197,Nordamerika,Geschäftskunde,,,7,22,Geschäftskunde
198,Asien,Geschäftskunde,,,13,21,Geschäftskunde
199,Nordamerika,Geschäftskunde,,,9,23,Privatkunde
200,Europa,Geschäftskunde,,,2,21,Geschäftskunde
201,Nordamerika,Geschäftskunde,,,8,23,Privatkunde
202,Europa,Privatkunde,,,5,23,Privatkunde
203,Europa,Geschäftskunde,,,2,21,Geschäftskunde
204,Asien,Geschäftskunde,,,12,23,Privatkunde
205,Europa,Privatkunde,,,4,23,Privatkunde
206,Nordamerika,Geschäftskunde,,,8,23,Privatkunde
207,Europa,Geschäftskunde,,,4,21,Geschäftskunde
208,Afrika,Geschäftskunde,,,11,22,Geschäftskunde
209,Nordamerika,Geschäftskunde,,,9,21,Geschäftskunde
210,Europa,Geschäftskunde,,,5,21,Geschäftskunde
211,Europa,Geschäftskunde,,,2,22,Geschäftskunde
212,Europa,Geschäftskunde,,,3,22,Geschäftskunde
213,Nordamerika,Geschäftskunde,,,7,22,Geschäftskunde
214,Europa,Geschäftskunde,,,6,22,Geschäftskunde
215,Asien,Geschäftskunde,,,13,23,Privatkunde
216,Asien,Geschäftskunde,,,12,22,Geschäftskunde
217,Europa,Privatkunde,,,6,23,Privatkunde
218,Europa,Geschäftskunde,,,2,22,Geschäftskunde
219,Europa,Geschäftskunde,,,6,21,Geschäftskunde
220,Nordamerika,Geschäftskunde,,,8,23,Privatkunde
221,Europa,Geschäftskunde,,,1,21,Geschäftskunde
222,Europa,Geschäftskunde,,,5,22,Geschäftskunde
223,Europa,Privatkunde,,,1,23,Privatkunde
224,Europa,Geschäftskunde,,,5,22,Geschäftskunde
225,Europa,Geschäftskunde,,,4,22,Geschäftskunde
226,Europa,Privatkunde,,,4,23,Privatkunde
227,Europa,Geschäftskunde,,,1,21,Geschäftskunde
228,Asien,Geschäftskunde,,,12,23,Privatkunde
229,Afrika,Geschäftskunde,,,11,21,Geschäftskunde
230,Asien,Geschäftskunde,,,12,23,Privatkunde
231,Lateinamerika,Geschäftskunde,,,10,21,Geschäftskunde
232,Asien,Geschäftskunde,,,12,21,Geschäftskunde
233,Asien,Geschäftskunde,,,13,21,Geschäftskunde
234,Afrika,Geschäftskunde,,,11,22,Geschäftskunde
235,Europa,Geschäftskunde,,,3,21,Geschäftskunde
236,Europa,Geschäftskunde,,,1,22,Geschäftskunde
237,Nordamerika,Geschäftskunde,,,7,22,Geschäftskunde
238,Europa,Geschäftskunde,,,4,21,Geschäftskunde
239,Afrika,Geschäftskunde,,,11,23,Privatkunde
240,Asien,Geschäftskunde,,,12,23,Privatkunde
241,Nordamerika,Geschäftskunde,,,8,22,Geschäftskunde
242,Afrika,Geschäftskunde,,,11,21,Geschäftskunde
243,Europa,Privatkunde,,,6,23,Privatkunde
244,Nordamerika,Geschäftskunde,,,8,23,Privatkunde
245,Nordamerika,Geschäftskunde,,,8,21,Geschäftskunde
246,Asien,Geschäftskunde,,,13,21,Geschäftskunde
247,Europa,Geschäftskunde,,,1,22,Geschäftskunde
248,Europa,Geschäftskunde,,,1,22,Geschäftskunde
249,Europa,Geschäftskunde,,,4,21,Geschäftskunde
250,Afrika,Geschäftskunde,,,11,21,Geschäftskunde
251,Europa,Privatkunde,,,3,23,Privatkunde
252,Europa,Geschäftskunde,,,3,21,Geschäftskunde
253,Afrika,Geschäftskunde,,,11,23,Privatkunde
254,Asien,Geschäftskunde,,,12,23,Privatkunde
255,Europa,Geschäftskunde,,,2,21,Geschäftskunde
256,Afrika,Geschäftskunde,,,11,21,Geschäftskunde
257,Europa,Privatkunde,,,4,23,Privatkunde
258,Europa,Geschäftskunde,,,2,21,Geschäftskunde
259,Europa,Geschäftskunde,,,1,22,Geschäftskunde
260,Europa,Geschäftskunde,,,2,21,Geschäftskunde
261,Europa,Privatkunde,,,4,23,Privatkunde
262,Nordamerika,Geschäftskunde,,,8,22,Geschäftskunde
263,Europa,Geschäftskunde,,,3,21,Geschäftskunde
264,Nordamerika,Geschäftskunde,,,7,22,Geschäftskunde
265,Europa,Geschäftskunde,,,4,21,Geschäftskunde
266,Nordamerika,Geschäftskunde,,,7,21,Geschäftskunde
267,Asien,Geschäftskunde,,,12,23,Privatkunde
268,Europa,Geschäftskunde,,,1,21,Geschäftskunde
269,Europa,Geschäftskunde,,,4,21,Geschäftskunde
270,Nordamerika,Geschäftskunde,,,7,23,Privatkunde
271,Asien,Geschäftskunde,,,13,23,Privatkunde
272,Nordamerika,Geschäftskunde,,,8,22,Geschäftskunde
273,Europa,Privatkunde,,,2,23,Privatkunde
274,Europa,Geschäftskunde,,,4,21,Geschäftskunde
275,Nordamerika,Geschäftskunde,,,8,21,Geschäftskunde
276,Asien,Geschäftskunde,,,12,21,Geschäftskunde
277,Europa,Privatkunde,,,2,23,Privatkunde
278,Asien,Geschäftskunde,,,12,22,Geschäftskunde
279,Nordamerika,Geschäftskunde,,,7,23,Privatkunde
280,Asien,Geschäftskunde,,,12,23,Privatkunde
281,Europa,Geschäftskunde,,,1,22,Geschäftskunde
282,Europa,Geschäftskunde,,,2,21,Geschäftskunde
283,Nordamerika,Geschäftskunde,,,8,22,Geschäftskunde
284,Nordamerika,Geschäftskunde,,,8,21,Geschäftskunde
285,Europa,Privatkunde,,,4,23,Privatkunde
286,Lateinamerika,Geschäftskunde,,,10,21,Geschäftskunde
287,Europa,Privatkunde,,,4,23,Privatkunde
288,Europa,Privatkunde,,,3,23,Privatkunde
289,Europa,Geschäftskunde,,,1,21,Geschäftskunde
290,Afrika,Geschäftskunde,,,11,23,Privatkunde
291,Nordamerika,Geschäftskunde,,,8,23,Privatkunde
292,Europa,Geschäftskunde,,,1,21,Geschäftskunde
293,Europa,Geschäftskunde,,,6,21,Geschäftskunde
294,Asien,Geschäftskunde,,,12,22,Geschäftskunde
295,Asien,Geschäftskunde,,,13,21,Geschäftskunde
296,Europa,Geschäftskunde,,,5,21,Geschäftskunde
297,Europa,Privatkunde,,,3,23,Privatkunde
298,Asien,Geschäftskunde,,,13,22,Geschäftskunde
299,Afrika,Geschäftskunde,,,11,22,Geschäftskunde
300,Afrika,Geschäftskunde,,,11,22,Geschäftskunde
301,Europa,Geschäftskunde,,,6,21,Geschäftskunde
302,Asien,Geschäftskunde,,,12,23,Privatkunde
303,Nordamerika,Geschäftskunde,,,9,22,Geschäftskunde
304,Nordamerika,Geschäftskunde,,,8,21,Geschäftskunde
305,Europa,Geschäftskunde,,,1,21,Geschäftskunde
306,Europa,Geschäftskunde,,,3,22,Geschäftskunde
307,Nordamerika,Geschäftskunde,,,7,22,Geschäftskunde
308,Europa,Geschäftskunde,,,2,22,Geschäftskunde
309,Lateinamerika,Geschäftskunde,,,10,21,Geschäftskunde
310,Europa,Geschäftskunde,,,3,22,Geschäftskunde
311,Europa,Geschäftskunde,,,2,22,Geschäftskunde
312,Nordamerika,Geschäftskunde,,,7,22,Geschäftskunde
313,Lateinamerika,Geschäftskunde,,,10,22,Geschäftskunde
314,Lateinamerika,Geschäftskunde,,,10,21,Geschäftskunde
315,Nordamerika,Geschäftskunde,,,8,22,Geschäftskunde
316,Asien,Geschäftskunde,,,13,22,Geschäftskunde
317,Europa,Geschäftskunde,,,1,22,Geschäftskunde
318,Europa,Geschäftskunde,,,1,22,Geschäftskunde
319,Asien,Geschäftskunde,,,13,22,Geschäftskunde
320,Europa,Privatkunde,,,2,23,Privatkunde
321,Asien,Geschäftskunde,,,13,21,Geschäftskunde
322,Europa,Geschäftskunde,,,3,22,Geschäftskunde
323,Lateinamerika,Geschäftskunde,,,10,23,Privatkunde
324,Nordamerika,Geschäftskunde,,,8,23,Privatkunde
325,Lateinamerika,Geschäftskunde,,,10,21,Geschäftskunde
326,Europa,Privatkunde,,,1,23,Privatkunde
327,Europa,Geschäftskunde,,,1,22,Geschäftskunde
328,Europa,Geschäftskunde,,,2,22,Geschäftskunde
329,Nordamerika,Geschäftskunde,,,9,23,Privatkunde
330,Asien,Geschäftskunde,,,13,22,Geschäftskunde
331,Europa,Geschäftskunde,,,2,22,Geschäftskunde
332,Nordamerika,Geschäftskunde,,,7,23,Privatkunde
333,Europa,Privatkunde,,,5,23,Privatkunde
334,Europa,Privatkunde,,,1,23,Privatkunde
335,Europa,Geschäftskunde,,,1,21,Geschäftskunde
336,Europa,Privatkunde,,,1,23,Privatkunde
337,Europa,Geschäftskunde,,,1,21,Geschäftskunde
338,Lateinamerika,Geschäftskunde,,,10,22,Geschäftskunde
339,Asien,Geschäftskunde,,,12,22,Geschäftskunde
340,Asien,Geschäftskunde,,,12,21,Geschäftskunde
341,Europa,Privatkunde,,,3,23,Privatkunde
342,Europa,Geschäftskunde,,,1,22,Geschäftskunde
343,Nordamerika,Geschäftskunde,,,7,21,Geschäftskunde
344,Asien,Geschäftskunde,,,12,23,Privatkunde
345,Afrika,Geschäftskunde,,,11,22,Geschäftskunde
346,Europa,Geschäftskunde,,,6,21,Geschäftskunde
347,Europa,Geschäftskunde,,,4,21,Geschäftskunde
348,Afrika,Geschäftskunde,,,11,23,Privatkunde
349,Europa,Privatkunde,,,2,23,Privatkunde
350,Europa,Geschäftskunde,,,3,22,Geschäftskunde
351,Asien,Geschäftskunde,,,12,23,Privatkunde
352,Afrika,Geschäftskunde,,,11,21,Geschäftskunde
353,Nordamerika,Geschäftskunde,,,8,22,Geschäftskunde
354,Europa,Geschäftskunde,,,3,22,Geschäftskunde
355,Nordamerika,Geschäftskunde,,,8,23,Privatkunde
356,Europa,Geschäftskunde,,,6,22,Geschäftskunde
357,Asien,Geschäftskunde,,,12,21,Geschäftskunde
358,Nordamerika,Geschäftskunde,,,7,22,Geschäftskunde
359,Europa,Privatkunde,,,6,23,Privatkunde
360,Europa,Geschäftskunde,,,4,22,Geschäftskunde
361,Europa,Privatkunde,,,5,23,Privatkunde
362,Europa,Geschäftskunde,,,6,21,Geschäftskunde
363,Europa,Privatkunde,,,5,23,Privatkunde
364,Europa,Privatkunde,,,5,23,Privatkunde
365,Europa,Geschäftskunde,,,3,21,Geschäftskunde
366,Europa,Privatkunde,,,3,23,Privatkunde
367,Europa,Privatkunde,,,5,23,Privatkunde
368,Europa,Geschäftskunde,,,3,21,Geschäftskunde
369,Lateinamerika,Geschäftskunde,,,10,23,Privatkunde
370,Nordamerika,Geschäftskunde,,,9,23,Privatkunde
371,Europa,Privatkunde,,,4,23,Privatkunde
372,Europa,Geschäftskunde,,,5,21,Geschäftskunde
373,Nordamerika,Geschäftskunde,,,9,22,Geschäftskunde
374,Europa,Geschäftskunde,,,2,21,Geschäftskunde
375,Europa,Privatkunde,,,6,23,Privatkunde
376,Nordamerika,Geschäftskunde,,,7,21,Geschäftskunde
377,Europa,Geschäftskunde,,,6,22,Geschäftskunde
378,Nordamerika,Geschäftskunde,,,7,21,Geschäftskunde
379,Europa,Geschäftskunde,,,1,22,Geschäftskunde
380,Nordamerika,Geschäftskunde,,,8,21,Geschäftskunde
381,Europa,Geschäftskunde,,,3,21,Geschäftskunde
382,Europa,Geschäftskunde,,,1,21,Geschäftskunde
383,Nordamerika,Geschäftskunde,,,8,22,Geschäftskunde
384,Europa,Geschäftskunde,,,1,22,Geschäftskunde
385,Europa,Geschäftskunde,,,6,22,Geschäftskunde
386,Europa,Privatkunde,,,5,23,Privatkunde
387,Europa,Geschäftskunde,,,6,22,Geschäftskunde
388,Afrika,Geschäftskunde,,,11,22,Geschäftskunde
389,Lateinamerika,Geschäftskunde,,,10,21,Geschäftskunde
390,Nordamerika,Geschäftskunde,,,8,23,Privatkunde
391,Nordamerika,Geschäftskunde,,,9,21,Geschäftskunde
392,Europa,Geschäftskunde,,,6,21,Geschäftskunde
393,Europa,Geschäftskunde,,,6,22,Geschäftskunde
394,Nordamerika,Geschäftskunde,,,8,21,Geschäftskunde
395,Europa,Geschäftskunde,,,4,21,Geschäftskunde
396,Europa,Privatkunde,,,6,23,Privatkunde
397,Afrika,Geschäftskunde,,,11,22,Geschäftskunde
398,Europa,Privatkunde,,,2,23,Privatkunde
399,Europa,Geschäftskunde,,,6,21,Geschäftskunde
400,Nordamerika,Geschäftskunde,,,8,22,Geschäftskunde
401,Europa,Geschäftskunde,,,5,21,Geschäftskunde
402,Nordamerika,Geschäftskunde,,,7,22,Geschäftskunde
403,Europa,Geschäftskunde,,,4,22,Geschäftskunde
404,Europa,Privatkunde,,,3,23,Privatkunde
405,Lateinamerika,Geschäftskunde,,,10,23,Privatkunde
406,Nordamerika,Geschäftskunde,,,7,21,Geschäftskunde
407,Nordamerika,Geschäftskunde,,,8,21,Geschäftskunde
408,Afrika,Geschäftskunde,,,11,22,Geschäftskunde
409,Lateinamerika,Geschäftskunde,,,10,22,Geschäftskunde
410,Europa,Geschäftskunde,,,4,22,Geschäftskunde
411,Asien,Geschäftskunde,,,12,23,Privatkunde
412,Nordamerika,Geschäftskunde,,,9,21,Geschäftskunde
413,Asien,Geschäftskunde,,,13,21,Geschäftskunde
414,Asien,Geschäftskunde,,,13,21,Geschäftskunde
415,Europa,Geschäftskunde,,,3,21,Geschäftskunde
416,Europa,Geschäftskunde,,,6,22,Geschäftskunde
417,Europa,Geschäftskunde,,,1,21,Geschäftskunde
418,Europa,Privatkunde,,,4,23,Privatkunde
419,Asien,Geschäftskunde,,,13,23,Privatkunde
420,Nordamerika,Geschäftskunde,,,9,22,Geschäftskunde
421,Afrika,Geschäftskunde,,,11,23,Privatkunde
422,Lateinamerika,Geschäftskunde,,,10,23,Privatkunde
423,Nordamerika,Geschäftskunde,,,9,21,Geschäftskunde
424,Europa,Privatkunde,,,2,23,Privatkunde
425,Lateinamerika,Geschäftskunde,,,10,23,Privatkunde
426,Asien,Geschäftskunde,,,12,21,Geschäftskunde
427,Europa,Geschäftskunde,,,6,21,Geschäftskunde
428,Europa,Geschäftskunde,,,2,22,Geschäftskunde
429,Europa,Privatkunde,,,1,23,Privatkunde
430,Europa,Privatkunde,,,2,23,Privatkunde
431,Europa,Geschäftskunde,,,5,22,Geschäftskunde
432,Europa,Geschäftskunde,,,6,22,Geschäftskunde
433,Europa,Privatkunde,,,5,23,Privatkunde
434,Asien,Geschäftskunde,,,13,21,Geschäftskunde
435,Europa,Privatkunde,,,6,23,Privatkunde
436,Europa,Privatkunde,,,5,23,Privatkunde
437,Asien,Geschäftskunde,,,13,21,Geschäftskunde
438,Asien,Geschäftskunde,,,12,21,Geschäftskunde
439,Afrika,Geschäftskunde,,,11,22,Geschäftskunde
440,Europa,Privatkunde,,,1,23,Privatkunde
441,Europa,Geschäftskunde,,,4,22,Geschäftskunde
442,Nordamerika,Geschäftskunde,,,9,21,Geschäftskunde
443,Asien,Geschäftskunde,,,13,21,Geschäftskunde
444,Europa,Geschäftskunde,,,3,22,Geschäftskunde
445,Europa,Geschäftskunde,,,5,22,Geschäftskunde
446,Nordamerika,Geschäftskunde,,,7,21,Geschäftskunde
447,Europa,Geschäftskunde,,,5,21,Geschäftskunde
448,Asien,Geschäftskunde,,,12,23,Privatkunde
449,Nordamerika,Geschäftskunde,,,8,22,Geschäftskunde
450,Europa,Geschäftskunde,,,5,21,Geschäftskunde
451,Nordamerika,Geschäftskunde,,,8,21,Geschäftskunde
452,Nordamerika,Geschäftskunde,,,9,21,Geschäftskunde
453,Europa,Privatkunde,,,4,23,Privatkunde
454,Europa,Geschäftskunde,,,5,21,Geschäftskunde
455,Nordamerika,Geschäftskunde,,,7,21,Geschäftskunde
456,Europa,Privatkunde,,,4,23,Privatkunde
457,Asien,Geschäftskunde,,,13,23,Privatkunde
458,Europa,Privatkunde,,,4,23,Privatkunde
459,Nordamerika,Geschäftskunde,,,9,21,Geschäftskunde
460,Europa,Geschäftskunde,,,1,22,Geschäftskunde
461,Europa,Privatkunde,,,3,23,Privatkunde
462,Lateinamerika,Geschäftskunde,,,10,21,Geschäftskunde
463,Europa,Geschäftskunde,,,2,22,Geschäftskunde
464,Asien,Geschäftskunde,,,12,23,Privatkunde
465,Asien,Geschäftskunde,,,12,21,Geschäftskunde
466,Afrika,Geschäftskunde,,,11,21,Geschäftskunde
467,Europa,Privatkunde,,,6,23,Privatkunde
468,Afrika,Geschäftskunde,,,11,23,Privatkunde
469,Nordamerika,Geschäftskunde,,,9,21,Geschäftskunde
470,Nordamerika,Geschäftskunde,,,9,23,Privatkunde
471,Europa,Privatkunde,,,3,23,Privatkunde
472,Europa,Privatkunde,,,5,23,Privatkunde
473,Nordamerika,Geschäftskunde,,,9,23,Privatkunde
474,Lateinamerika,Geschäftskunde,,,10,23,Privatkunde
475,Europa,Geschäftskunde,,,4,22,Geschäftskunde
476,Asien,Geschäftskunde,,,12,21,Geschäftskunde
477,Asien,Geschäftskunde,,,13,22,Geschäftskunde
478,Lateinamerika,Geschäftskunde,,,10,21,Geschäftskunde
479,Europa,Geschäftskunde,,,3,22,Geschäftskunde
480,Europa,Geschäftskunde,,,5,22,Geschäftskunde
481,Asien,Geschäftskunde,,,13,21,Geschäftskunde
482,Europa,Geschäftskunde,,,2,22,Geschäftskunde
483,Asien,Geschäftskunde,,,13,23,Privatkunde
484,Europa,Geschäftskunde,,,6,21,Geschäftskunde
485,Europa,Geschäftskunde,,,1,21,Geschäftskunde
486,Afrika,Geschäftskunde,,,11,22,Geschäftskunde
487,Europa,Geschäftskunde,,,6,21,Geschäftskunde
488,Afrika,Geschäftskunde,,,11,22,Geschäftskunde
489,Europa,Privatkunde,,,4,23,Privatkunde
490,Europa,Privatkunde,,,1,23,Privatkunde
491,Europa,Privatkunde,,,4,23,Privatkunde
492,Europa,Geschäftskunde,,,4,21,Geschäftskunde
493,Europa,Geschäftskunde,,,3,21,Geschäftskunde
494,Afrika,Geschäftskunde,,,11,22,Geschäftskunde
495,Nordamerika,Geschäftskunde,,,9,22,Geschäftskunde
496,Europa,Geschäftskunde,,,6,22,Geschäftskunde
497,Lateinamerika,Geschäftskunde,,,10,22,Geschäftskunde
498,Europa,Geschäftskunde,,,2,22,Geschäftskunde
499,Nordamerika,Geschäftskunde,,,8,22,Geschäftskunde
500,Lateinamerika,Geschäftskunde,,,10,23,Privatkunde
501,Europa,Geschäftskunde,,,5,22,Geschäftskunde
502,Lateinamerika,Geschäftskunde,,,10,22,Geschäftskunde
503,Nordamerika,Geschäftskunde,,,7,21,Geschäftskunde
504,Europa,Privatkunde,,,5,23,Privatkunde
505,Nordamerika,Geschäftskunde,,,8,21,Geschäftskunde
506,Lateinamerika,Geschäftskunde,,,10,21,Geschäftskunde
507,Afrika,Geschäftskunde,,,11,23,Privatkunde
508,Europa,Geschäftskunde,,,2,22,Geschäftskunde
509,Europa,Geschäftskunde,,,1,21,Geschäftskunde
510,Nordamerika,Geschäftskunde,,,7,22,Geschäftskunde
511,Nordamerika,Geschäftskunde,,,8,21,Geschäftskunde
512,Asien,Geschäftskunde,,,13,23,Privatkunde
513,Afrika,Geschäftskunde,,,11,22,Geschäftskunde
514,Europa,Privatkunde,,,6,23,Privatkunde
515,Europa,Privatkunde,,,2,23,Privatkunde
516,Asien,Geschäftskunde,,,12,22,Geschäftskunde
517,Nordamerika,Geschäftskunde,,,7,23,Privatkunde
518,Asien,Geschäftskunde,,,12,22,Geschäftskunde
519,Europa,Geschäftskunde,,,6,22,Geschäftskunde
520,Nordamerika,Geschäftskunde,,,9,23,Privatkunde
521,Europa,Geschäftskunde,,,6,21,Geschäftskunde
522,Europa,Geschäftskunde,,,6,21,Geschäftskunde
523,Europa,Geschäftskunde,,,2,21,Geschäftskunde
524,Europa,Privatkunde,,,6,23,Privatkunde
525,Europa,Geschäftskunde,,,3,21,Geschäftskunde
526,Nordamerika,Geschäftskunde,,,9,23,Privatkunde
527,Asien,Geschäftskunde,,,13,21,Geschäftskunde
528,Europa,Geschäftskunde,,,2,22,Geschäftskunde
529,Europa,Geschäftskunde,,,4,21,Geschäftskunde
530,Europa,Geschäftskunde,,,2,21,Geschäftskunde
531,Nordamerika,Geschäftskunde,,,7,23,Privatkunde
532,Europa,Geschäftskunde,,,6,22,Geschäftskunde
533,Europa,Geschäftskunde,,,1,21,Geschäftskunde
534,Europa,Geschäftskunde,,,3,22,Geschäftskunde
535,Europa,Geschäftskunde,,,5,21,Geschäftskunde
536,Nordamerika,Geschäftskunde,,,7,22,Geschäftskunde
537,Asien,Geschäftskunde,,,13,22,Geschäftskunde
538,Lateinamerika,Geschäftskunde,,,10,23,Privatkunde
539,Asien,Geschäftskunde,,,13,22,Geschäftskunde
540,Nordamerika,Geschäftskunde,,,7,22,Geschäftskunde
541,Lateinamerika,Geschäftskunde,,,10,23,Privatkunde
542,Nordamerika,Geschäftskunde,,,9,21,Geschäftskunde
543,Lateinamerika,Geschäftskunde,,,10,22,Geschäftskunde
544,Lateinamerika,Geschäftskunde,,,10,22,Geschäftskunde
545,Asien,Geschäftskunde,,,12,23,Privatkunde
546,Europa,Privatkunde,,,6,23,Privatkunde
547,Europa,Geschäftskunde,,,4,22,Geschäftskunde
548,Nordamerika,Geschäftskunde,,,7,23,Privatkunde
549,Europa,Privatkunde,,,3,23,Privatkunde
550,Lateinamerika,Geschäftskunde,,,10,22,Geschäftskunde
551,Asien,Geschäftskunde,,,13,21,Geschäftskunde
552,Afrika,Geschäftskunde,,,11,22,Geschäftskunde
553,Europa,Geschäftskunde,,,3,22,Geschäftskunde
554,Nordamerika,Geschäftskunde,,,9,23,Privatkunde
555,Asien,Geschäftskunde,,,13,21,Geschäftskunde
556,Europa,Geschäftskunde,,,3,22,Geschäftskunde
557,Europa,Privatkunde,,,5,23,Privatkunde
558,Afrika,Geschäftskunde,,,11,23,Privatkunde
559,Nordamerika,Geschäftskunde,,,8,23,Privatkunde
560,Europa,Privatkunde,,,3,23,Privatkunde
561,Europa,Privatkunde,,,5,23,Privatkunde
562,Europa,Geschäftskunde,,,6,21,Geschäftskunde
563,Lateinamerika,Geschäftskunde,,,10,21,Geschäftskunde
564,Europa,Privatkunde,,,1,23,Privatkunde
565,Europa,Geschäftskunde,,,5,22,Geschäftskunde
566,Nordamerika,Geschäftskunde,,,9,23,Privatkunde
567,Europa,Geschäftskunde,,,2,21,Geschäftskunde
568,Asien,Geschäftskunde,,,13,21,Geschäftskunde
569,Nordamerika,Geschäftskunde,,,7,23,Privatkunde
570,Europa,Geschäftskunde,,,3,22,Geschäftskunde
571,Afrika,Geschäftskunde,,,11,22,Geschäftskunde
572,Nordamerika,Geschäftskunde,,,8,23,Privatkunde
573,Europa,Geschäftskunde,,,5,21,Geschäftskunde
574,Europa,Geschäftskunde,,,3,21,Geschäftskunde
575,Afrika,Geschäftskunde,,,11,21,Geschäftskunde
576,Lateinamerika,Geschäftskunde,,,10,23,Privatkunde
577,Nordamerika,Geschäftskunde,,,9,22,Geschäftskunde
578,Europa,Geschäftskunde,,,2,21,Geschäftskunde
579,Europa,Geschäftskunde,,,2,21,Geschäftskunde
580,Nordamerika,Geschäftskunde,,,7,22,Geschäftskunde
581,Europa,Geschäftskunde,,,2,21,Geschäftskunde
582,Nordamerika,Geschäftskunde,,,8,21,Geschäftskunde
583,Europa,Geschäftskunde,,,4,21,Geschäftskunde
584,Nordamerika,Geschäftskunde,,,8,21,Geschäftskunde
585,Lateinamerika,Geschäftskunde,,,10,22,Geschäftskunde
586,Nordamerika,Geschäftskunde,,,9,22,Geschäftskunde
587,Europa,Geschäftskunde,,,2,22,Geschäftskunde
588,Europa,Privatkunde,,,4,23,Privatkunde
589,Nordamerika,Geschäftskunde,,,9,21,Geschäftskunde
590,Europa,Geschäftskunde,,,5,22,Geschäftskunde
591,Asien,Geschäftskunde,,,13,21,Geschäftskunde
592,Europa,Geschäftskunde,,,4,22,Geschäftskunde
593,Europa,Geschäftskunde,,,5,22,Geschäftskunde
594,Europa,Geschäftskunde,,,6,21,Geschäftskunde
595,Europa,Geschäftskunde,,,6,22,Geschäftskunde
596,Europa,Geschäftskunde,,,5,22,Geschäftskunde
597,Asien,Geschäftskunde,,,13,21,Geschäftskunde
598,Europa,Geschäftskunde,,,4,22,Geschäftskunde
599,Europa,Geschäftskunde,,,1,21,Geschäftskunde
600,Europa,Privatkunde,,,4,23,Privatkunde
601,Nordamerika,Geschäftskunde,,,9,21,Geschäftskunde
602,Nordamerika,Geschäftskunde,,,7,21,Geschäftskunde
603,Nordamerika,Geschäftskunde,,,7,23,Privatkunde
604,Nordamerika,Geschäftskunde,,,8,22,Geschäftskunde
605,Nordamerika,Geschäftskunde,,,8,22,Geschäftskunde
606,Asien,Geschäftskunde,,,12,23,Privatkunde
607,Europa,Geschäftskunde,,,3,21,Geschäftskunde
608,Europa,Privatkunde,,,1,23,Privatkunde
609,Europa,Geschäftskunde,,,1,22,Geschäftskunde
610,Europa,Geschäftskunde,,,3,22,Geschäftskunde
611,Europa,Geschäftskunde,,,1,22,Geschäftskunde
612,Afrika,Geschäftskunde,,,11,21,Geschäftskunde
613,Asien,Geschäftskunde,,,13,21,Geschäftskunde
614,Nordamerika,Geschäftskunde,,,7,22,Geschäftskunde
615,Europa,Geschäftskunde,,,6,21,Geschäftskunde
616,Europa,Privatkunde,,,2,23,Privatkunde
617,Nordamerika,Geschäftskunde,,,9,23,Privatkunde
618,Asien,Geschäftskunde,,,13,22,Geschäftskunde
619,Lateinamerika,Geschäftskunde,,,10,22,Geschäftskunde
620,Nordamerika,Geschäftskunde,,,7,21,Geschäftskunde
621,Europa,Privatkunde,,,5,23,Privatkunde
622,Asien,Geschäftskunde,,,12,22,Geschäftskunde
623,Europa,Privatkunde,,,4,23,Privatkunde
624,Europa,Privatkunde,,,2,23,Privatkunde
625,Europa,Privatkunde,,,1,23,Privatkunde
626,Europa,Geschäftskunde,,,3,22,Geschäftskunde
627,Europa,Geschäftskunde,,,2,21,Geschäftskunde
628,Europa,Privatkunde,,,1,23,Privatkunde
629,Europa,Geschäftskunde,,,2,21,Geschäftskunde
630,Asien,Geschäftskunde,,,12,23,Privatkunde
631,Europa,Privatkunde,,,4,23,Privatkunde
632,Nordamerika,Geschäftskunde,,,8,23,Privatkunde
633,Europa,Privatkunde,,,6,23,Privatkunde
634,Nordamerika,Geschäftskunde,,,7,22,Geschäftskunde
635,Nordamerika,Geschäftskunde,,,7,21,Geschäftskunde
636,Europa,Geschäftskunde,,,1,22,Geschäftskunde
637,Europa,Geschäftskunde,,,3,22,Geschäftskunde
638,Nordamerika,Geschäftskunde,,,7,22,Geschäftskunde
639,Asien,Geschäftskunde,,,13,23,Privatkunde
640,Europa,Geschäftskunde,,,2,22,Geschäftskunde
641,Nordamerika,Geschäftskunde,,,9,21,Geschäftskunde
642,Europa,Geschäftskunde,,,6,21,Geschäftskunde
643,Europa,Privatkunde,,,6,23,Privatkunde
644,Asien,Geschäftskunde,,,12,23,Privatkunde
645,Afrika,Geschäftskunde,,,11,21,Geschäftskunde
646,Asien,Geschäftskunde,,,13,22,Geschäftskunde
647,Europa,Privatkunde,,,5,23,Privatkunde
648,Lateinamerika,Geschäftskunde,,,10,23,Privatkunde
649,Nordamerika,Geschäftskunde,,,9,21,Geschäftskunde
650,Europa,Privatkunde,,,1,23,Privatkunde
651,Afrika,Geschäftskunde,,,11,23,Privatkunde
652,Lateinamerika,Geschäftskunde,,,10,23,Privatkunde
653,Nordamerika,Geschäftskunde,,,7,21,Geschäftskunde
654,Europa,Geschäftskunde,,,6,22,Geschäftskunde
655,Afrika,Geschäftskunde,,,11,22,Geschäftskunde
656,Europa,Geschäftskunde,,,6,22,Geschäftskunde
657,Afrika,Geschäftskunde,,,11,22,Geschäftskunde
658,Afrika,Geschäftskunde,,,11,23,Privatkunde
659,Europa,Privatkunde,,,4,23,Privatkunde
660,Europa,Geschäftskunde,,,6,21,Geschäftskunde
661,Nordamerika,Geschäftskunde,,,9,22,Geschäftskunde
662,Afrika,Geschäftskunde,,,11,22,Geschäftskunde
663,Europa,Privatkunde,,,2,23,Privatkunde
664,Asien,Geschäftskunde,,,13,23,Privatkunde
665,Lateinamerika,Geschäftskunde,,,10,21,Geschäftskunde
666,Nordamerika,Geschäftskunde,,,9,21,Geschäftskunde
667,Europa,Geschäftskunde,,,1,21,Geschäftskunde
668,Lateinamerika,Geschäftskunde,,,10,22,Geschäftskunde
669,Asien,Geschäftskunde,,,13,22,Geschäftskunde
670,Asien,Geschäftskunde,,,12,23,Privatkunde
671,Nordamerika,Geschäftskunde,,,8,23,Privatkunde
672,Asien,Geschäftskunde,,,12,22,Geschäftskunde
673,Lateinamerika,Geschäftskunde,,,10,22,Geschäftskunde
674,Europa,Privatkunde,,,6,23,Privatkunde
675,Afrika,Geschäftskunde,,,11,21,Geschäftskunde
676,Europa,Privatkunde,,,3,23,Privatkunde
677,Europa,Geschäftskunde,,,3,21,Geschäftskunde
678,Nordamerika,Geschäftskunde,,,7,23,Privatkunde
679,Nordamerika,Geschäftskunde,,,8,22,Geschäftskunde
680,Lateinamerika,Geschäftskunde,,,10,22,Geschäftskunde
681,Europa,Geschäftskunde,,,2,22,Geschäftskunde
682,Europa,Privatkunde,,,1,23,Privatkunde
683,Europa,Geschäftskunde,,,6,21,Geschäftskunde
684,Europa,Geschäftskunde,,,5,21,Geschäftskunde
685,Europa,Privatkunde,,,1,23,Privatkunde
686,Europa,Geschäftskunde,,,4,21,Geschäftskunde
687,Europa,Geschäftskunde,,,3,22,Geschäftskunde
688,Afrika,Geschäftskunde,,,11,21,Geschäftskunde
689,Afrika,Geschäftskunde,,,11,21,Geschäftskunde
690,Afrika,Geschäftskunde,,,11,22,Geschäftskunde
691,Afrika,Geschäftskunde,,,11,23,Privatkunde
692,Europa,Geschäftskunde,,,2,21,Geschäftskunde
693,Europa,Privatkunde,,,4,23,Privatkunde
694,Lateinamerika,Geschäftskunde,,,10,23,Privatkunde
695,Asien,Geschäftskunde,,,12,21,Geschäftskunde
696,Europa,Geschäftskunde,,,5,22,Geschäftskunde
697,Nordamerika,Geschäftskunde,,,7,23,Privatkunde
698,Afrika,Geschäftskunde,,,11,22,Geschäftskunde
699,Europa,Privatkunde,,,3,23,Privatkunde
700,Asien,Geschäftskunde,,,13,22,Geschäftskunde
701,Europa,Geschäftskunde,,,3,22,Geschäftskunde
702,Europa,Privatkunde,,,2,23,Privatkunde
703,Europa,Geschäftskunde,,,4,22,Geschäftskunde
704,Lateinamerika,Geschäftskunde,,,10,22,Geschäftskunde
705,Europa,Geschäftskunde,,,6,22,Geschäftskunde
706,Asien,Geschäftskunde,,,12,23,Privatkunde
707,Afrika,Geschäftskunde,,,11,23,Privatkunde
708,Asien,Geschäftskunde,,,12,23,Privatkunde
709,Europa,Geschäftskunde,,,1,22,Geschäftskunde
710,Europa,Geschäftskunde,,,1,21,Geschäftskunde
711,Afrika,Geschäftskunde,,,11,22,Geschäftskunde
712,Europa,Privatkunde,,,5,23,Privatkunde
713,Lateinamerika,Geschäftskunde,,,10,23,Privatkunde
714,Nordamerika,Geschäftskunde,,,9,21,Geschäftskunde
715,Asien,Geschäftskunde,,,12,21,Geschäftskunde
716,Nordamerika,Geschäftskunde,,,9,23,Privatkunde
717,Asien,Geschäftskunde,,,13,23,Privatkunde
718,Nordamerika,Geschäftskunde,,,7,22,Geschäftskunde
719,Asien,Geschäftskunde,,,13,23,Privatkunde
720,Asien,Geschäftskunde,,,13,22,Geschäftskunde
721,Nordamerika,Geschäftskunde,,,7,21,Geschäftskunde
722,Europa,Geschäftskunde,,,5,22,Geschäftskunde
723,Nordamerika,Geschäftskunde,,,9,23,Privatkunde
724,Nordamerika,Geschäftskunde,,,8,21,Geschäftskunde
725,Europa,Geschäftskunde,,,5,22,Geschäftskunde
726,Asien,Geschäftskunde,,,13,21,Geschäftskunde
727,Nordamerika,Geschäftskunde,,,8,22,Geschäftskunde
728,Asien,Geschäftskunde,,,13,23,Privatkunde
729,Asien,Geschäftskunde,,,12,22,Geschäftskunde
730,Nordamerika,Geschäftskunde,,,7,23,Privatkunde
731,Europa,Privatkunde,,,4,23,Privatkunde
732,Europa,Privatkunde,,,3,23,Privatkunde
733,Nordamerika,Geschäftskunde,,,9,23,Privatkunde
734,Asien,Geschäftskunde,,,13,21,Geschäftskunde
735,Nordamerika,Geschäftskunde,,,8,21,Geschäftskunde
736,Europa,Privatkunde,,,3,23,Privatkunde
737,Europa,Privatkunde,,,5,23,Privatkunde
738,Nordamerika,Geschäftskunde,,,8,23,Privatkunde
739,Lateinamerika,Geschäftskunde,,,10,21,Geschäftskunde
740,Europa,Privatkunde,,,2,23,Privatkunde
741,Europa,Geschäftskunde,,,5,22,Geschäftskunde
742,Europa,Geschäftskunde,,,4,22,Geschäftskunde
743,Asien,Geschäftskunde,,,13,23,Privatkunde
744,Asien,Geschäftskunde,,,13,23,Privatkunde
745,Europa,Geschäftskunde,,,3,22,Geschäftskunde
746,Lateinamerika,Geschäftskunde,,,10,23,Privatkunde
747,Afrika,Geschäftskunde,,,11,22,Geschäftskunde
748,Afrika,Geschäftskunde,,,11,21,Geschäftskunde
749,Europa,Geschäftskunde,,,4,21,Geschäftskunde
750,Europa,Geschäftskunde,,,3,22,Geschäftskunde
751,Europa,Geschäftskunde,,,4,21,Geschäftskunde
752,Europa,Geschäftskunde,,,1,22,Geschäftskunde
753,Nordamerika,Geschäftskunde,,,7,21,Geschäftskunde
754,Europa,Geschäftskunde,,,5,22,Geschäftskunde
755,Nordamerika,Geschäftskunde,,,9,23,Privatkunde
756,Asien,Geschäftskunde,,,12,21,Geschäftskunde
757,Lateinamerika,Geschäftskunde,,,10,23,Privatkunde
758,Europa,Geschäftskunde,,,2,21,Geschäftskunde
759,Europa,Geschäftskunde,,,3,21,Geschäftskunde
760,Nordamerika,Geschäftskunde,,,9,21,Geschäftskunde
761,Europa,Geschäftskunde,,,5,21,Geschäftskunde
762,Nordamerika,Geschäftskunde,,,7,23,Privatkunde
763,Afrika,Geschäftskunde,,,11,22,Geschäftskunde
764,Europa,Privatkunde,,,4,23,Privatkunde
765,Europa,Geschäftskunde,,,2,21,Geschäftskunde
766,Europa,Privatkunde,,,3,23,Privatkunde
767,Europa,Geschäftskunde,,,6,21,Geschäftskunde
768,Europa,Privatkunde,,,5,23,Privatkunde
769,Europa,Geschäftskunde,,,2,22,Geschäftskunde
770,Europa,Geschäftskunde,,,1,22,Geschäftskunde
771,Nordamerika,Geschäftskunde,,,7,21,Geschäftskunde
772,Europa,Privatkunde,,,5,23,Privatkunde
773,Nordamerika,Geschäftskunde,,,9,21,Geschäftskunde
774,Nordamerika,Geschäftskunde,,,8,23,Privatkunde
775,Asien,Geschäftskunde,,,13,22,Geschäftskunde
776,Europa,Privatkunde,,,5,23,Privatkunde
777,Nordamerika,Geschäftskunde,,,9,22,Geschäftskunde
778,Europa,Geschäftskunde,,,5,22,Geschäftskunde
779,Asien,Geschäftskunde,,,12,22,Geschäftskunde
780,Nordamerika,Geschäftskunde,,,9,21,Geschäftskunde
781,Europa,Geschäftskunde,,,1,21,Geschäftskunde
782,Europa,Geschäftskunde,,,5,22,Geschäftskunde
783,Nordamerika,Geschäftskunde,,,9,22,Geschäftskunde
784,Europa,Privatkunde,,,3,23,Privatkunde
785,Europa,Geschäftskunde,,,6,22,Geschäftskunde
786,Europa,Privatkunde,,,4,23,Privatkunde
787,Europa,Geschäftskunde,,,5,21,Geschäftskunde
788,Nordamerika,Geschäftskunde,,,9,21,Geschäftskunde
789,Europa,Geschäftskunde,,,1,22,Geschäftskunde
790,Afrika,Geschäftskunde,,,11,21,Geschäftskunde
791,Nordamerika,Geschäftskunde,,,9,23,Privatkunde
792,Afrika,Geschäftskunde,,,11,21,Geschäftskunde
793,Europa,Geschäftskunde,,,1,21,Geschäftskunde
794,Asien,Geschäftskunde,,,12,21,Geschäftskunde
795,Europa,Geschäftskunde,,,4,21,Geschäftskunde
796,Asien,Geschäftskunde,,,13,22,Geschäftskunde
797,Europa,Geschäftskunde,,,2,21,Geschäftskunde
798,Asien,Geschäftskunde,,,12,21,Geschäftskunde
799,Asien,Geschäftskunde,,,13,21,Geschäftskunde
800,Europa,Geschäftskunde,,,6,21,Geschäftskunde
